Dataset,Rate,F1,Precision,Recall,AUC
Bank Marketing,0.10928571428571429,0.44925496957429395,0.38152908823614184,0.8468050499805096,0.0
Breast Cancer,0.12666666666666665,0.5245449535653852,0.44969816325763173,0.8443613442264318,0.0
Digits,0.10928571428571429,0.5801289300862473,0.5585898385641684,0.883232864777751,0.0
Friedman Reg,0.10928571428571429,0.5060143397510155,0.45541948651592046,0.8290476190476191,0.0
Loan Data,0.10928571428571429,0.44096062854896495,0.35444247895149,0.9027595458553792,0.0
Moons,0.10928571428571429,0.36263848173372,0.29505264356295374,0.7804745370370371,0.0
Nigerian Fraud,0.10928571428571429,0.41199276284092545,0.3413196850684908,0.827954081632653,0.0
Syn Hd,0.10928571428571429,0.4426074759180873,0.38341596484939994,0.8078677248677248,0.0
Wine,0.15,0.6137571169640396,0.5588927848323579,0.8077301587301587,0.0
